match_result,surface,stadie_id,best_of,opponent_code,tournament_id,player_code,id,year,player_name,match_order,player_citizenship,player_age,opponent_name,opponent_citizenship,opponent_age,player_seed,opponent_seed,player_handedness,player_backhand,player_height,player_weight,opponent_handedness,opponent_backhand,opponent_height,opponent_weight,tournament_start_dtm,tournament_category,tournament_prize,tournament_country,tournament_name,indoor_outdoor,player_years_experience,opponent_years_experience,player_matches_won,player_win_rate,opponent_matches_won,opponent_win_rate,player_gs_titles,opponent_gs_titles,player_atp_ranking,opponent_atp_ranking,player_highest_atp_ranking,opponent_highest_atp_ranking,player_rank_trend_4w_cat,player_rank_trend_12w_cat,opponent_rank_trend_4w_cat,opponent_rank_trend_12w_cat,player_rank_trend_4w,player_rank_trend_12w,opponent_rank_trend_4w,opponent_rank_trend_12w,rank_diff_t,trend_diff_4w,trend_diff_12w,log_rank_ratio_t,log_player_dist_to_peak,log_opponent_dist_to_peak,player_home,opponent_home,elo_diff,player_elo_surface_pre,opponent_elo_surface_pre,player_win_prob_surface,player_surface_specialization,opponent_surface_specialization,surface_specialization_diff,player_favourite_surface,opponent_favourite_surface,player_win_rate_surface_progressive,opponent_win_rate_surface_progressive,cumulative_sets,player_sets_played_tournament,opponent_sets_played_tournament,player_win_ratio_last_5_matches,player_win_ratio_last_10_matches,opponent_win_ratio_last_5_matches,opponent_win_ratio_last_10_matches,momentum_diff_5,momentum_diff_10,player_trend,opponent_trend,player_good_form_5,player_good_form_10,opponent_good_form_5,opponent_good_form_10,player_consistency,opponent_consistency,player_won_previous_tournament,opponent_won_previous_tournament,player_h2h_full_win_ratio,player_h2h_total_matches,player_h2h_surface_win_ratio,player_h2h_surface_total_matches,player_serve_1st_in_pct_avg,opponent_serve_1st_in_pct_avg,player_serve_2nd_won_pct_avg,opponent_serve_2nd_won_pct_avg,player_double_faults_pct_avg,opponent_double_faults_pct_avg,player_aces_per_match_avg,opponent_aces_per_match_avg,player_service_games_won_pct_avg,opponent_service_games_won_pct_avg,player_break_points_saved_pct_avg,opponent_break_points_saved_pct_avg,player_return_games_won_pct_avg,opponent_return_games_won_pct_avg,player_break_points_converted_pct_avg,opponent_break_points_converted_pct_avg,player_total_points_won_pct_avg,opponent_total_points_won_pct_avg,log_ratio_serve_1st_in_pct,log_ratio_serve_2nd_won_pct,log_ratio_double_faults_pct,log_ratio_aces_per_match,log_ratio_service_games_won_pct,log_ratio_break_points_saved_pct,log_ratio_return_2nd_won_pct,log_ratio_return_games_won_pct,log_ratio_break_points_converted_pct,log_ratio_total_points_won_pct,log_ratio_tiebreaks_won_pct,player_clutch_bp_save_gap,opponent_clutch_bp_save_gap,player_clutch_bp_conv_gap,opponent_clutch_bp_conv_gap,player_clutch_tiebreak_adj,opponent_clutch_tiebreak_adj,player_days_since_prev_tournament,player_weeks_since_prev_tournament,player_back_to_back_week,player_two_weeks_gap,player_long_rest,player_country_changed,player_surface_changed,player_indoor_changed,player_continent_changed,player_red_eye_risk,player_travel_fatigue,player_prev_tour_matches,player_prev_tour_max_round,opponent_days_since_prev_tournament,opponent_weeks_since_prev_tournament,opponent_back_to_back_week,opponent_two_weeks_gap,opponent_long_rest,opponent_country_changed,opponent_surface_changed,opponent_indoor_changed,opponent_continent_changed,opponent_red_eye_risk,opponent_travel_fatigue,opponent_prev_tour_matches,opponent_prev_tour_max_round,player_prestigious_non_gs_titles,opponent_prestigious_non_gs_titles,player_win_prob_diff_general_vs_surface_cat,opponent_win_prob_diff_general_vs_surface_cat,h2h_surface_vs_general_diff,player_serve_1st_efficiency,opponent_serve_1st_efficiency,player_return_1st_efficiency,opponent_return_1st_efficiency,player_return_1st_vs_2nd_diff,opponent_return_1st_vs_2nd_diff,has_player_h2h_surface,has_player_h2h_full,player_h2h_full_cred,player_h2h_surface_cred,player_prev_matches,opponent_prev_matches,log_ratio_tiebreaks_won_pct_was_na,log_ratio_break_points_converted_pct_was_na,log_ratio_break_points_saved_pct_was_na,log_ratio_double_faults_pct_was_na,log_ratio_service_games_won_pct_was_na,log_ratio_return_games_won_pct_was_na,log_ratio_total_points_won_pct_was_na,log_ratio_aces_per_match_was_na,player_clutch_tiebreak_adj_was_na,opponent_clutch_tiebreak_adj_was_na,player_break_points_converted_pct_avg_was_na,opponent_break_points_converted_pct_avg_was_na,player_clutch_bp_conv_gap_was_na,opponent_clutch_bp_conv_gap_was_na,player_break_points_saved_pct_avg_was_na,opponent_break_points_saved_pct_avg_was_na,player_clutch_bp_save_gap_was_na,opponent_clutch_bp_save_gap_was_na,player_double_faults_pct_avg_was_na,opponent_double_faults_pct_avg_was_na,player_aces_per_match_avg_was_na,opponent_aces_per_match_avg_was_na,player_service_games_won_pct_avg_was_na,opponent_service_games_won_pct_avg_was_na,player_return_games_won_pct_avg_was_na,opponent_return_games_won_pct_avg_was_na,player_total_points_won_pct_avg_was_na,opponent_total_points_won_pct_avg_was_na,player_serve_1st_efficiency_was_na,opponent_serve_1st_efficiency_was_na,player_return_1st_efficiency_was_na,opponent_return_1st_efficiency_was_na,log_ratio_serve_1st_in_pct_was_na,log_ratio_serve_2nd_won_pct_was_na
1,Clay,R32,3,sl28,2024-96,mw02,2024-96-mw02-sl28-R32,2024,Corentin Moutet,14,FRA,25.271,Jan-Lennard Struff,GER,34.255,0,0,Left-Handed,Two-Handed Backhand,175,71,Right-Handed,Two-Handed Backhand,193,92,2024-07-27,og,0,FRA,Paris Olympics,"",10,15,218,0.560411311053985,457,0.551932367149758,0,0,68,34,51,22,-1,1,1,-1,-13,20,7,-10,-34,20,-30,-0.693147180559945,0.287682072451781,0.435318071257845,1,0,-225.696044016801,1822.63823843671,1942.48425362151,0.33405773949946,-282.457154827307,-388.307183659308,105.850028832001,0,1,0.576923076923077,0.591591591591592,3,3,0,0.6,0.5,0.6,0.7,0,-0.2,0.1,-0.1,0,0,0,0,0.1,0.1,0,0,0.5,2,0.428571428571429,1,0.663810116798999,0.563978808665992,0.4984903752624,0.511571894680541,0.042253254253128,0.046570439592471,1.98971190667587,7.68298053772974,0.735256081419195,0.818667805847475,0.573549866835413,0.599235354787063,0.2913771747088,0.24366209291394,0.452864458601229,0.415245443611026,0.500763073833807,0.512908116627432,0.15131004091146,-0.0240491116830659,-0.092203798811574,-1.2915971237647,-0.102928938697736,-0.0414069034088234,0.0309936551283044,0.17288381863809,0.0835458307653101,-0.0227888277252904,0.0800053696817383,-0.16099566459476,-0.21978299153672,0.161097740624711,0.171518354162749,0.0160099066456966,-0.0382972527004575,40,5.71428571428571,0,0,1,1,1,0,0,0,2,2,2,12,1.71428571428571,0,1,0,1,0,0,0,0,1,4,11,0,1,neutral,neutral,-0.0714285714285715,0.889982936257408,0.923495626469662,0.999999,0.999999,-0.191386799592134,-0.209386622316416,1,1,0.2,0.142857142857143,389,828,0,0,0,0,0,0,0,0,0,0,0,0,0,0,0,0,0,0,0,0,0,0,0,0,0,0,0,0,0,0,0,0,0,0
1,Clay,Q2,3,m0e1,2023-2871,g983,2023-2871-g983-m0e1-Q2,2023,Alessandro Giannessi,1,ITA,32.959,Daniel Michalski,POL,23.344,2,8,Left-Handed,Two-Handed Backhand,185,82,Right-Handed,Two-Handed Backhand,180,77,2023-05-15,ch50,73000,POR,Oeiras Open 4,Outdoor,15,5,334,0.513846153846154,42,0.538461538461538,0,0,230,289,84,247,1,0,1,-1,22,3,36,-18,59,14,-21,0.228347379189237,1.00726251007988,0.157038351484455,0,0,77.1043926757561,1695.65095563941,1628.42365339928,0.595558245221933,-153.113172482889,-143.236082047273,-9.87709043561608,1,1,0.537205081669691,0.537313432835821,2,0,0,0.6,0.6,0.6,0.6,0,0,0,0,0,0,0,0,0,0,0,0,0.5,0,0.5,0,0.635049133034448,0.605856743393002,0.495642191761691,0.483191875339613,0.0478534070734436,0.0341759834904644,2.61427664047866,1.49103560601992,0.732076898451132,0.689643861687162,0.555838726279092,0.539743422800975,0.283643564179433,0.304319456529093,0.449557171905971,0.46974820093934,0.499171887542376,0.494991151916307,0.0339868633008376,0.0183736183490919,0.289302527067308,0.628869718375071,0.0610949041637262,0.0306823366117081,0.00453782644629197,-0.0770372414961579,-0.0451334360263823,0.0082311893867819,-0.233292848356869,-0.176028793581528,-0.145337175220328,0.165745176627328,0.164110413062051,-0.0161809235992825,0.153878913776016,7,1,1,0,0,1,0,0,0,0,1,2,9,63,9,0,0,1,1,0,1,0,0,1.5,2,9,0,0,neutral,neutral,0,0.903212454511578,0.941850673699458,0.999999,0.958589083083292,-0.193117448792967,-0.174110507172786,0,0,0,0,650,78,0,0,0,0,0,0,0,0,0,0,0,0,0,0,0,0,0,0,0,0,0,0,0,0,0,0,0,0,0,0,0,0,0,0
1,Hard,Q1,3,sp24,2023-8281,gj16,2023-8281-gj16-sp24-Q1,2023,Federico Agustin Gomez,3,ARG,26.811,Brayden Schnur,CAN,28.204,3,PR,Right-Handed,Two-Handed Backhand,191,95,Right-Handed,Two-Handed Backhand,193,84,2023-09-18,ch100,80000,USA,Columbus Challenger,Indoor,1,7,20,0.645161290322581,141,0.477966101694915,0,0,398,916,398,92,1,1,0,1,26,156,1,206,518,-25,50,0.833564359389692,0,2.29822778762509,0,0,61.3035005213603,1491.47572920155,1586.01272088611,0.367211406420536,-237.008144359422,-81.1676521534982,-155.840492205924,0,0,0,0.479674796747967,6,4,0,0.6,0.6,0.2,0.2,0.4,0.4,0,0,0,0,0,0,0,0,0,0,0.5,0,0.5,0,0.567254120983956,0.643893371170537,0.480067530005496,0.493281172246178,0.0496313423528539,0.0428499401047068,4.72244249606737,6.69584928271361,0.747292182121061,0.784720634856397,0.600180504741947,0.596703354825589,0.295589232470726,0.208492485412178,0.444122310951956,0.402179032203029,0.504076653547485,0.495721189170584,-0.0644015046325035,-0.0137988131270475,0.122248544316977,-0.181410101734707,-0.0309978980359616,0.0182957183344856,0.0655272963316706,0.226689642091005,0.0609750681479017,0.0108817767779126,0.0141277875166504,-0.136637169631156,-0.187950398748351,0.141582595117048,0.194232661102867,0.0591683244512006,0.0697167953333551,7,1,1,0,0,0,0,1,0,0,0.5,1,1,7,1,1,0,0,0,0,1,0,0,0.5,1,8,0,0,positive,negative,0,0.921008486098955,0.90133169595749,0.85969590403437,0.999999,-0.162227997086823,-0.197874249786825,0,0,0,0,31,295,0,0,0,0,0,0,0,0,0,0,0,0,0,0,0,0,0,0,0,0,0,0,0,0,0,0,0,0,0,0,0,0,0,0
0,Clay,R16,3,sl28,2023-1536,cg04,2023-1536-sl28-cg04-R16,2023,Pedro Cachin,8,ARG,28.037,Jan-Lennard Struff,GER,33.002,0,LL,Right-Handed,Two-Handed Backhand,185,76,Right-Handed,Two-Handed Backhand,193,92,2023-04-26,1000,8796536,ESP,Mutua Madrid Open,Outdoor,11,14,203,0.535620052770449,417,0.54796320630749,0,0,67,65,55,29,-1,0,1,1,-4,1,38,88,-2,42,87,-0.0303053494953289,0.197359434158495,0.807091439909163,0,0,-132.911736282992,1854.14367390781,1880.93469754801,0.461520854062476,-217.685617247267,-323.806329890062,106.120712642795,1,1,0.562874251497006,0.580327868852459,7,4,13,0.8,0.8,0.8,0.7,0,0.1,0,0.1,1,1,1,0,0,0.1,0,0,0.5,0,0.5,0,0.595043832602674,0.561593376567935,0.492054929429583,0.510093435789068,0.038117176851613,0.0469449153007606,3.88797464034033,7.54054379365465,0.738767052358148,0.814492306587305,0.532379275758269,0.596827217234672,0.305799974576668,0.247948223046569,0.452599207558621,0.417589858159891,0.509109887854127,0.512873512260168,0.0536131289010455,-0.0333626463387162,-0.20055176823764,-0.623461516895827,-0.0934107404476696,-0.110373800111702,0.0162652702578993,0.202997016869549,0.0775982576571107,-0.00660817360663492,0.131726135892715,-0.206807586817209,-0.21802316886245,0.146022090892174,0.169545805993205,0.0164249775239521,-0.0558389855263697,9,1.28571428571429,1,0,0,0,0,0,0,0,0,2,8,9,1.28571428571429,1,0,0,1,0,0,0,0,1,1,8,0,0,neutral,neutral,0,0.927952540533674,0.926617178146665,0.999999,0.999999,-0.16245013226892,-0.209066812610863,0,0,0,0,379,761,0,0,0,0,0,0,0,0,0,0,0,0,0,0,0,0,0,0,0,0,0,0,0,0,0,0,0,0,0,0,0,0,0,0
1,Hard,R16,3,d0dt,2024-9552,a0cj,2024-9552-a0cj-d0dt-R16,2024,Duje Ajdukovic,1,CRO,23.612,Martin Damm,USA,20.962,1,Alt,Right-Handed,Two-Handed Backhand,185,77,Left-Handed,Two-Handed Backhand,198,95,2024-09-16,ch100,148625,FRA,Saint-Tropez,"",4,6,134,0.560669456066946,94,0.463054187192118,0,0,105,209,105,175,1,1,-1,-1,29,31,-13,-24,104,-42,-55,0.688373901807288,0,0.177548278041296,0,0,260.613279003108,1674.15002361138,1640.66470978636,0.548040585661956,-320.541603816782,-93.4136386386915,-227.127965178091,0,1,0.557377049180328,0.513157894736842,2,0,0,0.8,0.7,0,0.1,0.8,0.6,0.1,-0.1,1,0,0,0,0.1,0.1,0,0,0.5,0,0.5,0,0.602989766745763,0.572473379902779,0.48485415599264,0.494837553550369,0.0355740406384301,0.0588077688186767,4.29522370606722,10.6065377564866,0.739083433261302,0.82930101474639,0.557299141248372,0.647509217024081,0.313513640198534,0.187208819836726,0.478770261629381,0.400000094235025,0.506482784806048,0.498803713160059,0.0398562497952572,-0.0156415057900525,-0.440545483788338,-0.738765695839393,-0.103183432784244,-0.135107591221824,0.112180881932037,0.46718849611713,0.15706001071803,0.0130951568923482,-0.0542453502376017,-0.181452048352977,-0.181033507683461,0.164783792561629,0.216072119730769,-0.0605854263931162,-0.0198560314046081,14,2,0,1,0,1,0,0,0,0,1,2,9,7,1,1,0,0,0,0,0,0,0,0,1,8,0,0,positive,negative,0,0.921982139486271,0.918372230491059,0.999999,0.999999,-0.162640793850529,-0.194018253570967,0,0,0,0,239,99,0,0,0,0,0,0,0,0,0,0,0,0,0,0,0,0,0,0,0,0,0,0,0,0,0,0,0,0,0,0,0,0,0,0
0,Clay,R16,3,c0mh,2023-2869,f840,2023-2869-c0mh-f840-R16,2023,Nerman Fatic,6,BIH,28.577,Gerard Campana Lee,KOR,18.639,0,0,Right-Handed,Two-Handed Backhand,191,88,Right-Handed,Two-Handed Backhand,180,85,2023-05-22,ch50,73000,MKD,Macedonian Open,Outdoor,12,0,65,0.49618320610687,2,0.4,0,0,268,1243,195,1243,0,-1,0,1,0,-22,-3,562,975,-3,584,1.53429611099985,0.31798742194711,0,0,0,237.229703598425,1677.54074600427,1519.69402345124,0.712721533438743,-145.121565017768,-65.7385839723665,-79.3829810454013,1,1,0.525252525252525,0.4,3,0,2,0.4,0.5,0.4,0.4,0,0.1,-0.1,0,0,0,0,0,0.1,0,0,0,0.5,0,0.5,0,0.634939381610483,0.607816880249768,0.491286739903386,0.513185185185185,0.0435912529067014,0.0425869895722705,3.64036866254768,4.59245393369526,0.730250643465578,0.757438892172158,0.559690092530766,0.568605280743538,0.306770356410603,0.272614197893621,0.457066831210099,0.433149841649286,0.503589595545995,0.506267458878348,0.00623654417498921,-0.0062298184209793,-0.0040207126081733,-0.0302495836386596,-0.00513712895555309,0,-0.10592700937965,-0.00933927536154307,0.0090846954773489,-0.00651225892510776,0,-0.169177812763824,-0.190084708846894,0.148400475829647,0.149539366076527,-0.0809093496030092,0.0031279210825392,8,1.14285714285714,1,0,0,1,0,0,0,0,1,1,8,7,1,1,0,0,1,0,0,0,0,1,2,9,0,0,neutral,neutral,0,0.920906612405185,0.921184821412009,0.999999,0.616378561348516,-0.14201605280959,-0.183429580944779,0,0,0,0,131,5,1,0,1,0,0,0,0,0,0,1,0,0,0,0,0,1,0,1,0,0,0,0,0,0,0,0,0,0,0,0,0,0,0,0
0,Clay,R16,3,h997,2024-319,h0du,2024-319-h997-h0du-R16,2024,Gustavo Heide,6,BRA,22.4,Yannick Hanfmann,GER,32.69,3/LL,0,Right-Handed,Two-Handed Backhand,188,73,Right-Handed,Two-Handed Backhand,193,86,2024-07-22,atp250,596035,AUT,Kitzbuhel,"",3,9,55,0.53921568627451,259,0.549893842887473,0,0,178,111,174,45,0,0,-1,-1,1,-4,-19,-53,-67,-20,-49,-0.472253348979751,0.0227282510775559,0.902867711542014,0,0,-22.0431887649283,1706.72563079958,1794.87797703056,0.375792504674646,-257.091170409437,-190.982012943387,-66.1091574660506,0,1,0.534883720930233,0.601449275362319,5,2,2,0.8,0.6,0.2,0.3,0.6,0.3,0.2,-0.1,1,0,0,0,0.2,0.1,0,0,0.5,0,0.5,0,0.575089148852562,0.63323951928444,0.533447387660312,0.528824371873843,0.0474130509407497,0.0328054806042888,4.63563532885282,4.70617485388043,0.804129563803664,0.797215447759973,0.600047976988478,0.594636637820876,0.246631485667587,0.262371631286136,0.397468148761764,0.418522815544784,0.508858013828355,0.511965134987914,-0.0744318017346416,0.00672586120451302,0.311030778133985,-0.0125982297761501,0.0136054980841437,0.0134640281667643,-0.00295081848043277,-0.0548043773130735,-0.0525264820134352,-0.00306085052679587,0.145156980467164,-0.205333767857101,-0.202839135319416,0.148497966917373,0.155717111992208,0.0201796624435127,-0.0697817161803279,7,1,1,0,0,1,0,0,0,0,1,5,10,7,1,1,0,0,1,0,0,0,0,1,2,9,0,0,neutral,neutral,0,0.893713072139476,0.886114710213639,0.999999,0.999999,-0.177627630544622,-0.176488036330797,0,0,0,0,102,471,0,0,0,0,0,0,0,0,0,0,0,0,0,0,0,0,0,0,0,0,0,0,0,0,0,0,0,0,0,0,0,0,0,0
0,Hard,Q1,3,s0re,2023-418,bp44,2023-418-s0re-bp44-Q1,2023,Gage Brymer,1,USA,28.481,Juncheng Shang,CHN,18.494,0,1,Right-Handed,Two-Handed Backhand,185,70,Left-Handed,Two-Handed Backhand,183,74,2023-07-31,atp500,2178980,USA,Mubadala Citi DC Open,Outdoor,10,2,17,0.320754716981132,54,0.580645161290323,0,0,744,156,455,150,-1,-1,0,1,-76,-197,-1,33,-588,75,230,-1.56218502758355,0.491743615882141,0.0392207131532816,1,0,-587.126741584793,1367.31568371627,1719.58327164405,0.116313293204312,9.3130257997957,-225.546127857217,234.859153657012,1,0,0.32,0.610169491525424,2,0,0,0,0.1,0.6,0.6,-0.6,-0.5,-0.1,0,0,0,0,0,0.1,0,0,0,0.5,0,0.5,0,0.642527781080779,0.648656884955127,0.519631253910136,0.518067751663063,0.039543836820547,0.0397124813743301,2.07756839691157,2.79821284397553,0.717287294925601,0.777639679256515,0.55858773263931,0.573794514814847,0.212363025885391,0.23331724951625,0.405840390736762,0.459421474682986,0.479882672368549,0.495694453298136,-0.0060623217757904,0.00192421844650293,-0.00979553603757481,-0.314830852735795,-0.0689843968251329,-0.0227280755236386,-0.069057875102159,-0.0986774655211135,-0.103481207707103,-0.0299124807914303,0.0327534822120996,-0.153722165959394,-0.205183805732534,0.196088048117561,0.230868707195121,0.0241117812251355,-0.0173591837145798,14,2,0,1,0,0,1,0,0,0,1,1,1,7,1,1,0,0,0,0,0,0,0,0,4,9,0,0,neutral,neutral,0,0.912815299055796,0.885486301973295,0.999999,0.999999,-0.203541955491045,-0.230465376260536,0,0,0,0,53,93,0,0,0,0,0,0,0,0,0,0,0,0,0,0,0,0,0,0,0,0,0,0,0,0,0,0,0,0,0,0,0,0,0,0
1,Hard,Q1,3,z0cq,2024-7397,p0d0,2024-7397-p0d0-z0cq-Q1,2024,Jakub Paul,9,SUI,25.637,Yi Zhou,CHN,19.658,0,12,Right-Handed,Two-Handed Backhand,180,72,Right-Handed,Two-Handed Backhand,193,82,2024-11-11,ch100,133250,JPN,Kobe,"",7,1,40,0.48780487804878,9,0.333333333333333,0,0,378,369,378,369,1,1,1,1,43,75,71,141,-9,28,66,-0.0240975515790609,0,0,0,0,197.384694539133,1600.92486123992,1520.07733508085,0.614293419899158,-212.835744067176,-96.2985756871117,-116.537168380064,1,1,0.53125,0.333333333333333,2,0,0,0.8,0.7,0.6,0.5,0.2,0.2,0.1,0.1,1,0,0,0,0.1,0.1,0,0,0.5,0,0.5,0,0.618788768647593,0.585798117119145,0.48789642730468,0.497333085551389,0.0373812792894442,0.0386724758178588,2.15094357614597,4.82829213528186,0.710967815429544,0.734236068592937,0.557614383965022,0.552774895752878,0.317641157941766,0.217437468837662,0.448626671828129,0.422383460390902,0.50232747615931,0.487803696626095,0.0259525217954735,-0.00907427879361843,0.00036142405566943,-0.461645191035561,-0.0112451595678007,0.012002824105983,0.158493330816146,0.269451017962422,0.0416760609736953,0.0237709575254808,-0.11904340587804,-0.149363895846998,-0.179137933297983,0.125980671887665,0.212490837844825,-0.101065612818185,0.0168568529367881,21,3,0,0,1,1,0,0,1,0,3,5,10,7,1,1,0,0,0,0,0,0,0,0,3,8,0,0,neutral,neutral,0,0.931347120850443,0.927471371610521,0.901069148536845,0.999999,-0.205658427921039,-0.177610121869769,0,0,0,0,82,27,0,0,0,0,0,0,0,0,0,0,0,0,0,0,0,0,0,0,0,0,0,0,0,0,0,0,0,0,0,0,0,0,0,0
1,Hard,Q1,3,p0e9,2024-6965,s0aq,2024-6965-s0aq-p0e9-Q1,2024,Yuta Shimizu,12,JPN,24.887,Dominik Palan,CZE,23.58,2,0,Left-Handed,Two-Handed Backhand,163,62,Right-Handed,Two-Handed Backhand,191,85,2024-04-29,ch100,100000,CHN,Guangzhou,"",9,3,64,0.520325203252033,30,0.405405405405405,0,0,279,381,208,292,-1,-1,0,-1,-20,-67,-4,-48,102,16,19,0.311587593305336,0.293673702120048,0.266045572858419,0,0,223.303242433864,1641.69442542841,1525.64052431751,0.661068615036543,-165.916008518535,-58.6666671955743,-107.24934132296,1,1,0.52991452991453,0.422535211267606,9,7,0,0.6,0.5,0.4,0.3,0.2,0.2,0.1,0.1,0,0,0,0,0.1,0.1,0,0,0.5,0,0.5,0,0.61264796411001,0.618938440618546,0.482621532655928,0.499384285036719,0.035290307587052,0.0560276749947129,2.90983870778845,7.24082935890817,0.740900440805385,0.801868363143973,0.564930079409047,0.585434850314079,0.270273996236587,0.192987861923029,0.44205853089747,0.438915407831483,0.500047306804724,0.495812131317735,-0.0072685888934645,-0.024294107426965,-0.39781783443066,-0.718047113726683,-0.0693322045542509,-0.0316283848122071,0.131469012276018,0.312046003775528,0.00492064433990464,0.00784032117438981,0.191606020415712,-0.174911203670819,-0.21957355493515,0.171390134238817,0.254129627531559,0.0388624994512184,-0.0706568260548461,7,1,1,0,0,0,0,0,0,0,0,1,8,7,1,1,0,0,0,0,0,0,0,0,1,1,0,0,neutral,neutral,0,0.927882295581663,0.903686318553826,0.999999,0.999999,-0.207823971571728,-0.18273513576329,0,0,0,0,123,74,0,0,0,0,0,0,0,0,0,0,0,0,0,0,0,0,0,0,0,0,0,0,0,0,0,0,0,0,0,0,0,0,0,0
1,Clay,SF,3,mf35,2024-8312,p0ct,2024-8312-p0ct-mf35-SF,2024,Francesco Passaro,2,ITA,23.881,Andrej Martin,SVK,35.18,4,Q,Right-Handed,Two-Handed Backhand,180,82,Right-Handed,Two-Handed Backhand,183,83,2024-11-25,ch100,120950,POR,Maia,"",7,16,111,0.541463414634146,415,0.550397877984085,0,0,114,506,106,93,-1,1,1,1,-4,31,42,120,392,46,89,1.49033822089297,0.0727593542824287,1.69393717613421,0,0,182.332798471936,1774.62248086175,1637.79425448137,0.687325783701131,-156.97574811756,-111.471176026007,-45.5045720915534,1,1,0.578616352201258,0.582037996545769,12,9,12,0.4,0.6,0.4,0.4,0,0.2,-0.2,0,0,0,0,0,0.2,0,0,0,0.5,0,0.5,0,0.650902729374311,0.624082627226508,0.526948175452919,0.489624539806721,0.0308486936713921,0.0454591877021032,3.29591888511984,2.59295063842797,0.775772458015671,0.722015896159874,0.601901258140686,0.557361676448149,0.277175078241064,0.328162321990151,0.445177928177623,0.459130991485779,0.511381952396575,0.509424519094925,0.0367057932470387,0.0640849262578973,-0.371201195110608,0.200496132068073,0.0656937173302955,0.0722267417549196,-0.0309031145991592,-0.146099726236043,-0.025963421939259,0.00469384972233487,-0.150945183770233,-0.173118364560066,-0.164321720504474,0.167582979688289,0.130365771710566,-0.113437753301869,-0.0414897310647099,7,1,1,0,0,1,0,0,0,0,1,1,8,56,8,0,0,1,1,1,0,0,0,2,2,2,0,0,neutral,neutral,0,0.885141258526832,0.920175012976296,0.999999,0.999999,-0.18394905036511,-0.16852668695904,0,0,0,0,205,754,0,0,0,0,0,0,0,0,0,0,0,0,0,0,0,0,0,0,0,0,0,0,0,0,0,0,0,0,0,0,0,0,0,0
0,Clay,R32,3,cf01,2024-2901,gd64,2024-2901-cf01-gd64-R32,2024,Cristian Garin,10,CHI,27.645,Marco Cecchinato,ITA,31.311,2/WC,0,Right-Handed,Two-Handed Backhand,185,85,Right-Handed,One-Handed Backhand,185,78,2024-01-22,ch100,100000,URU,Punta del Este,"",11,14,297,0.577821011673152,393,0.551966292134832,0,0,86,216,17,16,-1,0,-1,-1,-4,-1,-17,-37,130,-13,-36,0.920931111430658,1.62113395219729,2.60268968544438,0,0,271.923903718696,1866.72955222502,1716.86870770128,0.703217850944803,-176.764447323657,-54.7013881287078,-122.06305919495,0,1,0.603448275862069,0.607445008460237,2,0,3,0.4,0.6,0,0.1,0.4,0.5,-0.2,-0.1,0,0,0,0,0.2,0.1,0,0,0.454545454545454,3,0.444444444444444,3,0.598422829479879,0.651906407242854,0.504084633251501,0.519892070094977,0.0427650020062346,0.0336018524997529,4.0232137717512,3.78297101268095,0.763855319272638,0.784259963810703,0.574827138827215,0.568845395286454,0.287014656546537,0.265664290600176,0.448484965230849,0.432027535538619,0.507208820727707,0.508907860225805,-0.0808825208518893,-0.0291742196474633,0.235151219168978,0.058312905055975,-0.0255244904723996,0.010270439252575,0.0134451270675897,0.0760122679207854,0.0366449142232134,-0.00312133154300687,-0.0897282893366028,-0.189008543447326,-0.215765779180462,0.161173366860074,0.166215505113846,0.0064616665420824,0.0553174024084366,8,1.14285714285714,1,0,0,1,1,0,1,1,4,1,6,8,1.14285714285714,1,0,0,1,1,0,1,1,4,1,1,5,3,neutral,neutral,-0.0101010101010101,0.913543166065255,0.879897187664026,0.999999,0.999999,-0.178029410217717,-0.184416181979428,1,1,0.272727272727273,0.333333333333333,514,712,0,0,0,0,0,0,0,0,0,0,0,0,0,0,0,0,0,0,0,0,0,0,0,0,0,0,0,0,0,0,0,0,0,0
1,Clay,QF,3,k0hc,2023-2877,d0dw,2023-2877-d0dw-k0hc-QF,2023,Titouan Droguet,4,FRA,22.029,Maks Kasnikowski,POL,19.97,0,Q,Right-Handed,Two-Handed Backhand,191,80,Right-Handed,Two-Handed Backhand,180,78,2023-06-26,ch50,73000,ITA,Modena Challenger,Outdoor,2,2,30,0.545454545454545,25,0.609756097560976,0,0,276,322,251,316,0,-1,0,1,0,-21,-6,33,46,-6,54,0.154150679827259,0.0949479265853661,0.0188093319574962,0,0,20.3108926941127,1573.26585229048,1584.55620300171,0.483757596178153,-206.799646610922,-175.198403205572,-31.6012434053503,1,0,0.484848484848485,0.565217391304348,8,6,0,0.4,0.5,0.8,0.7,-0.4,-0.2,-0.1,0.1,0,0,1,0,0.1,0.1,0,0,0.555555555555556,1,0.571428571428571,1,0.612248659208621,0.567282630159188,0.526927710614007,0.500414649935569,0.0287721638413254,0.0345736472341747,4.77974008156501,4.17626221780378,0.781042348487206,0.781906060677205,0.60140113223604,0.580225752613979,0.265361580745571,0.26823529410736,0.437044427883023,0.449328350072299,0.509624883435246,0.509042408290381,0.044049436210422,0.0298123198705928,-0.147801522444194,0.0974821716304991,-0.00296481659639394,0.0264240002260605,-0.0478980754762368,-0.0113552829798767,-0.0241639076090494,-0.000235664835164327,-0.0680154199277771,-0.178038763498154,-0.203959356870575,0.170860198962541,0.181889721786619,-0.0338333343897472,0.0152968704779293,29,4.14285714285714,0,0,1,1,0,0,0,0,1,1,1,7,1,1,0,0,1,0,0,0,0,1,2,9,0,0,neutral,neutral,0.0158730158730158,0.896704504598537,0.913294425529232,0.998544762268257,0.926912912863468,-0.191236913026199,-0.222099974282785,1,1,0.111111111111111,0.142857142857143,55,41,0,0,0,0,0,0,0,0,0,0,0,0,0,0,0,0,0,0,0,0,0,0,0,0,0,0,0,0,0,0,0,0,0,0
0,Clay,SF,3,bk40,2024-319,h997,2024-319-bk40-h997-SF,2024,Yannick Hanfmann,1,GER,32.69,Matteo Berrettini,ITA,28.276,0,0,Right-Handed,Two-Handed Backhand,193,86,Right-Handed,Two-Handed Backhand,196,95,2024-07-22,atp250,596035,AUT,Kitzbuhel,"",9,10,261,0.551797040169133,254,0.658031088082902,0,0,111,82,45,6,-1,-1,-1,1,-19,-53,-17,16,-29,2,69,-0.302810954048081,0.902867711542014,2.6149597780362,0,0,-329.873804158258,1813.42367917999,2033.46425598429,0.219830333452396,-216.044644747709,-325.877872101666,109.833227353957,1,0,0.60431654676259,0.702702702702703,2,0,2,0.2,0.3,1,0.7,-0.8,-0.4,-0.1,0.3,0,0,1,0,0.1,0.3,0,1,0.5,0,0.5,0,0.633402849173411,0.62676453550521,0.528944058047239,0.542401023050709,0.0326967879074696,0.0260036109387836,4.70526731340831,8.86728937276294,0.797551180771053,0.880459237059664,0.593875543031187,0.654931112613861,0.262350842630682,0.205630763780465,0.418290596217464,0.39494093214669,0.511997971473357,0.519644844547953,0.00977590183695047,-0.0233111523965469,0.231314326082601,-0.59917803573988,-0.096481225065932,-0.0954503671511566,0.0559357343701162,0.238908446966691,0.0565719007038844,-0.0146374370367219,-0.241298704233572,-0.20395759381842,-0.226423855892774,0.155503101274409,0.189620272105918,-0.0657351858707685,0.0555483611963979,7,1,1,0,0,1,0,0,0,0,1,2,9,7,1,1,0,0,1,0,0,0,0,1,5,12,0,9,neutral,neutral,0,0.885652646040691,0.882031746707882,0.999999,0.999999,-0.17603315301109,-0.179025662988134,0,0,0,0,473,386,0,0,0,0,0,0,0,0,0,0,0,0,0,0,0,0,0,0,0,0,0,0,0,0,0,0,0,0,0,0,0,0,0,0
0,Hard,Q1,3,e678,2024-2273,bp41,2024-2273-e678-bp41-Q1,2024,Antoine Bellier,2,SUI,27.93,Jonathan Eysseric,FRA,34.322,9,WC,Left-Handed,One-Handed Backhand,196,80,Left-Handed,Two-Handed Backhand,180,78,2024-09-23,ch100,148625,FRA,Orleans,"",10,16,83,0.474285714285714,144,0.411428571428571,0,0,338,1505,168,202,-1,0,0,0,-31,-15,0,0,1167,31,15,1.49350228169996,0.69908191607976,2.00828047978177,0,1,191.881440061628,1559.11164205854,1370.08606538818,0.748027292699018,-112.675859634229,-109.819996242962,-2.85586339126667,0,0,0.459459459459459,0.30327868852459,0,0,0,0.2,0.4,0,0.1,0.2,0.3,-0.2,-0.1,0,0,0,0,0.2,0.1,0,0,0.5,0,0.5,0,0.617640940592816,0.573616393517671,0.506824400907475,0.461049256867898,0.0554155313112926,0.0500931077981112,9.23153272739221,4.53258488612619,0.827938809492565,0.701752650027308,0.615638968953982,0.54251415308296,0.162915058675335,0.258484492524503,0.36872494739029,0.439862191284373,0.496019703518147,0.489523519682016,0.0631248843905768,0.0808069015546744,0.101679637236598,0.631749156155234,0.153248235358228,0.117712313201086,-0.0938308989709051,-0.452556847750334,-0.168590426510059,0.0114220326477819,0.1855396958567,-0.2135021476409,-0.158382422994309,0.207365555117148,0.181498466495579,0.012990333462841,-0.0770060032013089,7,1,1,0,0,0,0,0,0,0,0,1,8,532,76,0,0,1,1,1,1,1,0,4.5,1,1,0,0,neutral,neutral,0,0.910994641257056,0.977066804375211,0.999999,0.999999,-0.18688746569951,-0.162456715795813,0,0,0,0,175,350,0,0,0,0,0,0,0,0,0,0,0,0,0,0,0,0,0,0,0,0,0,0,0,0,0,0,0,0,0,0,0,0,0,0
0,Clay,R32,3,v836,2023-314,v0am,2023-314-v836-v0am-R32,2023,Otto Virtanen,12,FIN,22.072,Juan Pablo Varillas,PER,27.779,LL,0,Right-Handed,Two-Handed Backhand,191,80,Right-Handed,Two-Handed Backhand,185,77,2023-07-17,atp250,630705,SUI,EFG Swiss Open Gstaad,Outdoor,4,10,65,0.550847457627119,197,0.584569732937685,0,0,130,63,109,60,0,-1,-1,1,1,-14,-2,29,-67,-3,43,-0.72439972406405,0.176186568226439,0.0487901641694322,0,0,-187.211882731859,1515.80761416433,1841.20374091425,0.133179892540521,-335.851998139603,-197.667754121536,-138.184244018067,0,1,0.342857142857143,0.608414239482201,6,4,5,0.6,0.4,0.4,0.5,0.2,-0.1,0.2,-0.1,0,0,0,0,0.2,0.1,0,0,0.5,0,0.5,0,0.591108447544489,0.569881733146788,0.501699853909988,0.524720292656894,0.0476471589306066,0.0329340089394029,7.97811512196041,3.73383531502269,0.803906732064923,0.783649893073188,0.617994489224811,0.569952771227246,0.21725936693183,0.304692343722679,0.377148786407945,0.470129161307794,0.501700084349055,0.5175918665802,0.0291576264678403,-0.0357693216447069,0.323489550105576,0.638816993264274,0.026408345483123,0.0751374372380132,-0.0933040791147391,-0.302067177153811,-0.199790408934063,-0.0261829612122962,0.0993894875061197,-0.185588421253735,-0.214378388782547,0.158550306913751,0.165102718372168,0.0973337718966805,0.0169944520759374,14,2,0,1,0,1,1,0,0,0,2,3,3,7,1,1,0,0,1,0,0,0,0,1,2,9,0,0,neutral,neutral,0,0.918466655519311,0.90885468972863,0.999999,0.999999,-0.181118209970685,-0.192650976563037,0,0,0,0,118,337,0,0,0,0,0,0,0,0,0,0,0,0,0,0,0,0,0,0,0,0,0,0,0,0,0,0,0,0,0,0,0,0,0,0
1,Hard,R16,3,s0kt,2023-7783,tf58,2023-7783-tf58-s0kt-R16,2023,Yusuke Takahashi,7,JPN,25.862,Stefanos Sakellaridis,GRE,18.956,LL,0,Right-Handed,Two-Handed Backhand,170,68,Right-Handed,Two-Handed Backhand,196,85,2023-08-28,ch100,80000,CHN,Zhangjiagang International Challenger,Outdoor,7,0,53,0.389705882352941,6,0.545454545454545,0,0,486,463,244,458,1,1,0,1,42,69,1,128,-23,-41,59,-0.0484815698142596,0.689040398607291,0.0108578699720487,0,0,-34.867911840809,1509.99424968523,1564.74613103057,0.421851557368395,-75.1644180276423,-55.2804485231077,-19.8839695045347,0,0,0.38135593220339,0.625,8,6,0,0.4,0.4,0.8,0.6,-0.4,-0.2,0,0.2,0,0,1,0,0,0.2,0,0,0.5,0,0.5,0,0.572636919027677,0.591074104503261,0.483722067439498,0.507783236785197,0.039526743169635,0.0403889601656723,2.80990128514646,4.94699090502042,0.700910935418018,0.751926497774008,0.524478473814523,0.572937633994574,0.232601842873025,0.241913706417985,0.419600228038082,0.476101382794483,0.485153576642791,0.496838231723087,-0.00850205472337532,-0.0130240156593316,0.0114592291809356,-0.177722434316032,-0.0177061933716568,-0.0307133403367214,0.0308386810587736,0.0172920142526009,-0.0757531292485902,-0.00359605307344577,-0.228984714900591,-0.175499263141697,-0.173718246938335,0.18768114714387,0.261405588806082,-0.0527914707552175,0.268975815079616,7,1,1,0,0,0,0,0,0,0,0,1,8,7,1,1,0,0,0,0,0,0,0,0,4,11,0,0,neutral,neutral,0,0.972164669030648,0.917422731522102,0.999999,0.80676992800359,-0.204397684236416,-0.185159432667342,0,0,0,0,136,11,0,0,0,0,0,0,0,0,0,0,0,0,0,0,0,0,0,0,0,0,0,0,0,0,0,0,0,0,0,0,0,0,0,0
1,Clay,Q1,5,c882,2023-520,s0re,2023-520-s0re-c882-Q1,2023,Juncheng Shang,58,CHN,18.319,Pablo Cuevas,URU,37.405,0,0,Left-Handed,Two-Handed Backhand,183,74,Right-Handed,One-Handed Backhand,180,78,2023-05-28,gs,23115000,FRA,Roland Garros,Outdoor,2,19,38,0.550724637681159,461,0.588010204081633,0,0,200,551,167,19,-1,-1,-1,-1,-11,-35,-189,-276,351,-178,-241,1.01341744260488,0.180323554131281,3.36729582998647,0,0,-97.9765338835477,1518.03766645046,1784.26192540692,0.177626735928419,-325.657088203194,-157.409363130284,-168.24772507291,0,1,0.411764705882353,0.641247833622184,7,5,0,0.2,0.4,0.4,0.5,-0.2,-0.1,-0.2,-0.1,0,0,0,0,0.2,0.1,0,0,0.5,0,0.5,0,0.651810945513841,0.607644440903342,0.510235196019151,0.534187633060901,0.0398037228842868,0.0359602201470998,2.44056761762423,5.29396408415441,0.7608900588762,0.810437565918867,0.546231406838319,0.593765346838967,0.236440080025932,0.257940760507684,0.462260278927596,0.443291303351165,0.491736157440542,0.516328643903782,0.048902556608187,-0.0319736758598403,0.0627116826142305,-0.640574938985401,-0.0445156819423979,-0.0672334145892403,-0.003347257423018,-0.0784045446750381,0.041321790971349,-0.0383416138717403,-0.0534463293320759,-0.217772765062203,-0.217007421346073,0.231996165816512,0.185455334815384,-0.0041385308598362,0.00568260855313655,48,6.85714285714286,0,0,1,1,0,0,1,0,3,1,8,13,1.85714285714286,0,1,0,1,0,0,1,0,3,1,8,0,6,neutral,neutral,0,0.887056708670959,0.892836100626924,0.999999,0.999999,-0.22581486616162,-0.190041736709534,0,0,0,0,69,784,0,0,0,0,0,0,0,0,0,0,0,0,0,0,0,0,0,0,0,0,0,0,0,0,0,0,0,0,0,0,0,0,0,0
1,Grass,QF,3,sl28,2024-321,n0ae,2024-321-n0ae-sl28-QF,2024,Brandon Nakashima,4,USA,22.852,Jan-Lennard Struff,GER,34.126,0,7,Right-Handed,Two-Handed Backhand,185,84,Right-Handed,Two-Handed Backhand,193,92,2024-06-10,atp250,751630,GER,Stuttgart,"",8,15,188,0.61437908496732,449,0.550245098039216,0,0,84,41,43,22,-1,1,0,-1,-12,9,0,-16,-43,12,-25,-0.717244732139005,0.669616683149751,0.622529613345992,0,1,-176.800662064451,1595.72657817263,1532.73639134102,0.5896698351357,-538.593774717422,-778.384623613481,239.790848896059,0,0,0.625,0.428571428571429,6,6,0,0.6,0.6,0.6,0.7,0,-0.1,0,-0.1,0,0,0,0,0,0.1,0,0,0.5,0,0.5,0,0.633951649057778,0.563796588020493,0.551764111773784,0.510916083128859,0.0252315322120245,0.0463907939753241,6.56494674886644,7.65323708463219,0.855897831775887,0.817358065158352,0.621826401200281,0.597400161279152,0.232465251112663,0.245137823146913,0.399241856272218,0.417065666427341,0.521126834809072,0.512808459207098,0.106807628862,0.070047698995932,-0.597088690792857,-0.135535752420832,0.0470951616689803,0.0405007833762872,-0.00208940005776537,-0.0535402742972386,-0.0440052113336463,0.0164393124183559,0.16921063359337,-0.235464287266425,-0.220319898367498,0.16645212873187,0.171866073098904,0.0466040744987083,-0.0388438829663018,7,1,1,0,0,1,0,0,0,0,1,4,11,15,2.14285714285714,0,1,0,1,1,0,0,0,2,3,8,1,1,negative,positive,0,0.867952423567571,0.924225428360474,0.999999,0.999999,-0.208087504137933,-0.208825086945096,0,0,0,0,306,816,0,0,0,0,0,0,0,0,0,0,0,0,0,0,0,0,0,0,0,0,0,0,0,0,0,0,0,0,0,0,0,0,0,0
1,Hard,R32,3,ag37,2024-807,c0e9,2024-807-c0e9-ag37-R32,2024,Flavio Cobolli,4,ITA,21.803,Felix Auger-Aliassime,CAN,23.548,Q,0,Right-Handed,Two-Handed Backhand,0,71,Right-Handed,Two-Handed Backhand,193,88,2024-02-26,atp500,2585410,MEX,Acapulco,"",5,8,142,0.570281124497992,262,0.610722610722611,0,0,69,29,69,6,1,1,1,0,31,31,1,0,-40,-30,-31,-0.866810674610786,0,1.57553636075842,0,0,-99.1623819646084,1763.00959455532,1954.56641418639,0.249236266191399,-337.329730709909,-244.935293043451,-92.3944376664583,0,0,0.5375,0.610108303249097,3,0,0,0.6,0.6,0.4,0.6,0.2,0,0,-0.2,0,0,0,0,0,0.2,0,0,0.5,0,0.5,0,0.548877992094736,0.630351134280455,0.49006074631592,0.49832393312135,0.0426701920529858,0.0531070391085066,3.43626282688542,8.25274253572787,0.727967894093284,0.829067674479015,0.539756504117002,0.596248708666457,0.30566283183972,0.238943167642668,0.437756545806544,0.427602469535288,0.502874133714412,0.515839668407441,-0.123518819025896,-0.0149229933415709,-0.202776036583682,-0.804049472280189,-0.122616070107831,-0.0946029371796812,0.0317293522883648,0.234274673342423,0.0222253136015807,-0.0236453792995209,-0.199149238577629,-0.188140124757384,-0.233793038857361,0.130358719900895,0.188924204890757,-0.0348365431238961,0.0653495812873502,7,1,1,0,0,0,0,0,0,0,0,3,8,14,2,0,1,0,1,0,0,1,0,3,2,9,0,5,neutral,neutral,0,0.938740252908669,0.90198459241249,0.999999,0.999999,-0.154565537744417,-0.177919177128404,0,0,0,0,249,429,0,0,0,0,0,0,0,0,0,0,0,0,0,0,0,0,0,0,0,0,0,0,0,0,0,0,0,0,0,0,0,0,0,0
